<?xml version="1.0" encoding="UTF-8"?>
<endpoints
  xmlns="http://java.sun.com/xml/ns/jax-ws/ri/runtime"
  version="2.0">
    <endpoint name="cgdIntegration" implementation="com.qubit.solution.fenixedu.integration.cgd.webservices.CgdIntegrationService"
        url-pattern="/web-services/cgdIntegration">
        <handler-chains xmlns="http://java.sun.com/xml/ns/javaee">
          <handler-chain>
              <handler>
                  <handler-name>SecurityHandler</handler-name>
                  <handler-class>com.qubit.solution.fenixedu.bennu.webservices.services.server.BennuWebServiceHandler</handler-class>
              </handler>
          </handler-chain>
        </handler-chains>
    </endpoint>
    <endpoint name="cgdIntegrationTemp" implementation="com.qubit.solution.fenixedu.integration.cgd.webservices.TemporaryMifareReceiverService"
        url-pattern="/web-services/cgdIntegrationTemp">
        <handler-chains xmlns="http://java.sun.com/xml/ns/javaee">
          <handler-chain>
              <handler>
                  <handler-name>SecurityHandler</handler-name>
                  <handler-class>com.qubit.solution.fenixedu.bennu.webservices.services.server.BennuWebServiceHandler</handler-class>
              </handler>
          </handler-chain>
        </handler-chains>
    </endpoint>
    <endpoint name="bpiIntegration" implementation="pt.ist.fenixedu.bpi.webservice.BPISyncWebService"
              url-pattern="/web-services/bpiIntegration">
        <handler-chains xmlns="http://java.sun.com/xml/ns/javaee">
          <handler-chain>
              <handler>
                  <handler-name>SecurityHandler</handler-name>
                  <handler-class>com.qubit.solution.fenixedu.bennu.webservices.services.server.BennuWebServiceHandler</handler-class>
              </handler>
          </handler-chain>
        </handler-chains>
    </endpoint>
    <endpoint name="activeDegreesWebService" implementation="org.fenixedu.ulisboa.integration.sas.webservices.ActiveDegreesWebService"
        url-pattern="/web-services/activeDegreesWebService">
        <handler-chains xmlns="http://java.sun.com/xml/ns/javaee">
          <handler-chain>
              <handler>
                  <handler-name>SecurityHandler</handler-name>
                  <handler-class>com.qubit.solution.fenixedu.bennu.webservices.services.server.BennuWebServiceHandler</handler-class>
              </handler>
          </handler-chain>
        </handler-chains>
    </endpoint>
    <endpoint name="activeStudentsWebService" implementation="org.fenixedu.ulisboa.integration.sas.webservices.ActiveStudentsWebService"
        url-pattern="/web-services/activeStudentsWebService">
        <handler-chains xmlns="http://java.sun.com/xml/ns/javaee">
          <handler-chain>
              <handler>
                  <handler-name>SecurityHandler</handler-name>
                  <handler-class>com.qubit.solution.fenixedu.bennu.webservices.services.server.BennuWebServiceHandler</handler-class>
              </handler>
          </handler-chain>
        </handler-chains>
    </endpoint>
</endpoints>
