<configuration>

	<appender name="STDOUT" class="ch.qos.logback.core.ConsoleAppender">
		<!-- encoders are assigned the type ch.qos.logback.classic.encoder.PatternLayoutEncoder 
			by default -->
		<encoder>
			<pattern>%d{HH:mm:ss.SSS} [%thread] %-5level %logger{36} - %msg%n
			</pattern>
		</encoder>
	</appender>

	<appender name="LOGSTASH" class="ch.qos.logback.core.FileAppender">
			<file>${catalina.base}/logs/logstash.out</file>
			<encoder class="net.logstash.logback.encoder.LogstashEncoder">
				<includeCallerInfo>false</includeCallerInfo>
			</encoder>
	</appender>

	<logger name="pt.ist" level="INFO">
	</logger>

	<logger name="net" level="INFO">
	</logger>

	<logger name="org" level="WARN">
	</logger>

	<logger name="org.fenixedu.bennu.spring.portal.PortalHandlerMapping" level="WARN">
	</logger>

	<logger name="org.fenixedu" level="INFO">
	</logger>

	<root level="WARN">
		<appender-ref ref="STDOUT"/>
		<appender-ref ref="LOGSTASH"/>
	</root>

</configuration>
